{
  "project_info": {
    "project_number": "556846919769",
    "project_id": "projint3v",
    "storage_bucket": "projint3v.firebasestorage.app"
  },
  "client": [
    {
      "client_info": {
        "mobilesdk_app_id": "1:556846919769:android:20b6efdc92c91a9a0f0148",
        "android_client_info": {
          "package_name": "com.example.projint_3"
        }
      },
      "oauth_client": [],
      "api_key": [
        {
          "current_key": "AIzaSyAzT39ueE9HjG7prxou10Z0KQ-fiir5vx8"
        }
      ],
      "services": {
        "appinvite_service": {
          "other_platform_oauth_client": []
        }
      }
    }
  ],
  "configuration_version": "1"
}